Unix Time,Arduino Force Value,Actual Force,Thermocouple Value One,Thermocouple Value Two
1651092656.50353,635,0.39337874803217704, 78.75," 45.00
"
1651092656.51563,638,0.3952372303063448, 78.75," 45.00
"
1651092656.526616,638,0.3952372303063448, 78.75," 45.00
"
1651092656.53552,639,0.39585672439773406, 78.75," 45.25
"
1651092656.5475452,638,0.3952372303063448, 78.75," 45.25
"
1651092656.559645,637,0.39461773621495555, 78.75," 45.25
"
1651092656.571646,640,0.3964762184891233, 78.75," 45.25
"
1651092656.583472,641,0.39709571258051257, 78.75," 45.25
"
1651092656.594652,639,0.39585672439773406, 78.75," 45.50
"
1651092656.6067321,639,0.39585672439773406, 78.75," 45.50
"
1651092656.616787,642,0.3977152066719018, 78.50," 45.50
"
1651092656.6278698,641,0.39709571258051257, 78.50," 45.50
"
1651092656.63669,639,0.39585672439773406, 78.50," 45.50
"
1651092656.647837,639,0.39585672439773406, 78.50," 45.50
"
1651092656.660929,638,0.3952372303063448, 78.50," 45.50
"
1651092656.674135,643,0.3983347007632911, 78.50," 45.75
"
1651092656.6982908,651,0.4032906534944051, 78.25," 45.50
"
1651092656.7109592,665,0.4119635707738547, 78.25," 45.75
"
1651092656.7218418,655,0.40576862985996215, 78.25," 45.50
"
1651092656.733417,658,0.4076271121341299, 78.25," 45.75
"
1651092656.7434828,657,0.40700761804274066, 78.25," 45.50
"
1651092656.753653,656,0.4063881239513514, 78.25," 45.75
"
1651092656.765391,660,0.4088661003169084, 78.00," 45.75
"
1651092656.777738,651,0.4032906534944051, 78.00," 45.75
"
1651092656.789678,653,0.40452964167718364, 78.00," 45.75
"
1651092656.8005152,650,0.40267115940301584, 78.00," 45.75
"
1651092656.811471,654,0.40514913576857287, 77.75," 45.75
"
1651092656.823603,656,0.4063881239513514, 77.75," 46.00
"
1651092656.832531,653,0.40452964167718364, 77.75," 45.75
"
1651092656.8416572,654,0.40514913576857287, 77.75," 46.00
"
1651092656.8534882,650,0.40267115940301584, 77.50," 46.00
"
1651092656.865325,649,0.4020516653116266, 77.50," 46.00
"
1651092656.87555,652,0.40391014758579435, 77.50," 46.00
"
1651092656.88759,655,0.40576862985996215, 77.50," 46.00
"
1651092656.898417,658,0.4076271121341299, 77.50," 46.00
"
1651092656.909919,657,0.40700761804274066, 77.25," 46.00
"
1651092656.922079,655,0.40576862985996215, 77.25," 46.00
"
1651092656.934576,657,0.40700761804274066, 77.25," 46.00
"
1651092656.945514,660,0.4088661003169084, 77.25," 46.00
"
1651092656.9555671,657,0.40700761804274066, 77.25," 46.25
"
1651092656.966767,654,0.40514913576857287, 77.00," 46.25
"
1651092656.9785202,658,0.4076271121341299, 77.00," 46.25
"
1651092656.990473,660,0.4088661003169084, 77.00," 46.25
"
1651092657.001746,657,0.40700761804274066, 76.75," 46.25
"
1651092657.012693,660,0.4088661003169084, 76.75," 46.25
"
1651092657.0233998,662,0.4101050884996869, 77.00," 46.25
"
1651092657.0359511,662,0.4101050884996869, 76.75," 46.25
"
1651092657.045363,661,0.4094855944082977, 76.75," 46.25
"
1651092657.0557141,662,0.4101050884996869, 76.50," 46.50
"
1651092657.066457,658,0.4076271121341299, 76.50," 46.25
"
1651092657.078742,657,0.40700761804274066, 76.50," 46.50
"
1651092657.090514,658,0.4076271121341299, 76.50," 46.50
"
1651092657.103147,660,0.4088661003169084, 76.25," 46.50
"
1651092657.116103,655,0.40576862985996215, 76.25," 46.50
"
1651092657.128745,655,0.40576862985996215, 76.25," 46.50
"
1651092657.140821,658,0.4076271121341299, 76.25," 46.50
"
1651092657.1525571,657,0.40700761804274066, 76.25," 46.50
"
1651092657.163351,655,0.40576862985996215, 76.00," 46.50
"
1651092657.175385,657,0.40700761804274066, 76.00," 46.50
"
1651092657.187499,656,0.4063881239513514, 76.00," 46.75
"
1651092657.1983628,657,0.40700761804274066, 75.75," 46.50
"
1651092657.2103539,658,0.4076271121341299, 75.75," 46.50
"
1651092657.222772,655,0.40576862985996215, 75.75," 46.75
"
1651092657.2343192,659,0.40824660622551917, 75.75," 46.75
"
1651092657.245537,659,0.40824660622551917, 75.75," 46.75
"
1651092657.256385,660,0.4088661003169084, 75.50," 46.75
"
1651092657.268415,661,0.4094855944082977, 75.50," 46.75
"
1651092657.2794812,659,0.40824660622551917, 75.50," 46.75
"
1651092657.292214,658,0.4076271121341299, 75.50," 46.75
"
1651092657.303458,655,0.40576862985996215, 75.25," 46.75
"
1651092657.315604,656,0.4063881239513514, 75.25," 46.75
"
1651092657.327698,658,0.4076271121341299, 75.25," 46.75
"
1651092657.33905,656,0.4063881239513514, 75.25," 46.75
"
1651092657.3517172,655,0.40576862985996215, 75.00," 46.75
"
1651092657.3640609,655,0.40576862985996215, 75.00," 46.75
"
1651092657.386536,655,0.40576862985996215, 75.00," 46.75
"
1651092657.398766,659,0.40824660622551917, 75.00," 46.75
"
1651092657.4117508,658,0.4076271121341299, 74.75," 46.75
"
1651092657.423906,660,0.4088661003169084, 74.75," 46.75
"
1651092657.435643,659,0.40824660622551917, 74.75," 46.75
"
1651092657.4474628,659,0.40824660622551917, 74.75," 46.75
"
1651092657.45951,658,0.4076271121341299, 74.50," 46.75
"
1651092657.47255,656,0.4063881239513514, 74.50," 47.00
"
1651092657.484555,655,0.40576862985996215, 74.50," 47.00
"
1651092657.4967349,655,0.40576862985996215, 74.50," 47.00
"
1651092657.507392,655,0.40576862985996215, 74.25," 47.00
"
1651092657.51935,654,0.40514913576857287, 74.25," 47.00
"
1651092657.531499,655,0.40576862985996215, 74.25," 47.00
"
1651092657.543908,658,0.4076271121341299, 74.25," 47.00
"
1651092657.554368,657,0.40700761804274066, 74.00," 47.00
"
1651092657.564356,655,0.40576862985996215, 74.00," 47.00
"
1651092657.5763001,658,0.4076271121341299, 74.00," 47.00
"
1651092657.588449,657,0.40700761804274066, 74.00," 47.00
"
1651092657.598667,657,0.40700761804274066, 73.75," 47.00
"
1651092657.609638,656,0.4063881239513514, 73.75," 47.00
"
1651092657.6216052,657,0.40700761804274066, 73.75," 47.00
"
1651092657.631556,655,0.40576862985996215, 73.75," 47.25
"
1651092657.643486,656,0.4063881239513514, 73.50," 47.00
"
1651092657.6555579,656,0.4063881239513514, 73.50," 47.00
"
1651092657.667522,656,0.4063881239513514, 73.50," 47.25
"
1651092657.680702,655,0.40576862985996215, 73.50," 47.25
"
1651092657.691518,659,0.40824660622551917, 73.25," 47.25
"
1651092657.703636,658,0.4076271121341299, 73.25," 47.25
"
1651092657.715544,657,0.40700761804274066, 73.25," 47.25
"
1651092657.72655,661,0.4094855944082977, 73.25," 47.00
"
1651092657.748578,659,0.40824660622551917, 73.25," 47.25
"
1651092657.770057,656,0.4063881239513514, 73.00," 47.25
"
1651092657.792129,656,0.4063881239513514, 73.00," 47.25
"
1651092657.81235,653,0.40452964167718364, 73.00," 47.25
"
1651092657.8295732,653,0.40452964167718364, 72.75," 47.25
"
1651092657.840445,654,0.40514913576857287, 72.75," 47.25
"
1651092657.85237,651,0.4032906534944051, 72.75," 47.25
"
1651092657.862436,650,0.40267115940301584, 72.75," 47.25
"
1651092657.87243,651,0.4032906534944051, 72.50," 47.25
"
1651092657.885194,654,0.40514913576857287, 72.50," 47.25
"
1651092657.897012,654,0.40514913576857287, 72.50," 47.25
"
1651092657.913138,656,0.4063881239513514, 72.50," 47.25
"
1651092657.926202,656,0.4063881239513514, 72.25," 47.25
"
1651092657.936606,659,0.40824660622551917, 72.25," 47.25
"
1651092657.947603,656,0.4063881239513514, 72.25," 47.25
"
1651092657.9599779,655,0.40576862985996215, 72.25," 47.25
"
1651092657.972509,653,0.40452964167718364, 72.25," 47.50
"
1651092657.9834461,653,0.40452964167718364, 72.00," 47.25
"
1651092657.9955368,654,0.40514913576857287, 72.00," 47.50
"
1651092658.009686,654,0.40514913576857287, 72.00," 47.50
"
1651092658.022868,655,0.40576862985996215, 72.00," 47.25
"
1651092658.034627,657,0.40700761804274066, 71.75," 47.25
"
1651092658.046576,658,0.4076271121341299, 71.75," 47.50
"
1651092658.05763,660,0.4088661003169084, 71.75," 47.50
"
1651092658.0694258,653,0.40452964167718364, 71.75," 47.50
"
1651092658.081443,658,0.4076271121341299, 71.50," 47.50
"
1651092658.0947928,657,0.40700761804274066, 71.50," 47.50
"
1651092658.105566,655,0.40576862985996215, 71.50," 47.50
"
1651092658.117433,657,0.40700761804274066, 71.50," 47.50
"
1651092658.1293771,652,0.40391014758579435, 71.50," 47.50
"
1651092658.1416929,656,0.4063881239513514, 71.25," 47.50
"
1651092658.152441,653,0.40452964167718364, 71.25," 47.50
"
1651092658.1648798,649,0.4020516653116266, 71.25," 47.50
"
1651092658.176777,648,0.40143217122023733, 71.25," 47.50
"
1651092658.188431,650,0.40267115940301584, 71.00," 47.50
"
1651092658.200373,653,0.40452964167718364, 71.00," 47.50
"
1651092658.2127502,653,0.40452964167718364, 71.00," 47.50
"
1651092658.225264,654,0.40514913576857287, 71.00," 47.50
"
1651092658.237778,649,0.4020516653116266, 71.00," 47.50
"
1651092658.2493298,654,0.40514913576857287, 70.75," 47.50
"
1651092658.2612631,653,0.40452964167718364, 70.75," 47.50
"
1651092658.273265,650,0.40267115940301584, 70.75," 47.50
"
1651092658.285533,653,0.40452964167718364, 70.50," 47.50
"
1651092658.298922,646,0.4001931830374588, 70.50," 47.50
"
1651092658.311224,646,0.4001931830374588, 70.50," 47.50
"
1651092658.323473,647,0.4008126771288481, 70.50," 47.50
"
1651092658.335994,647,0.4008126771288481, 70.50," 47.50
"
1651092658.348734,647,0.4008126771288481, 70.50," 47.50
"
1651092658.361439,646,0.4001931830374588, 70.25," 47.50
"
1651092658.3732128,647,0.4008126771288481, 70.25," 47.50
"
1651092658.3853922,648,0.40143217122023733, 70.25," 47.50
"
1651092658.397641,649,0.4020516653116266, 70.25," 47.50
"
1651092658.4099011,641,0.39709571258051257, 70.00," 47.50
"
1651092658.4217331,643,0.3983347007632911, 70.25," 47.75
"
1651092658.43369,645,0.3995736889460696, 70.00," 47.50
"
1651092658.445972,648,0.40143217122023733, 70.00," 47.75
"
1651092658.4583611,650,0.40267115940301584, 69.75," 47.75
"
1651092658.470547,649,0.4020516653116266, 70.00," 47.75
"
1651092658.482337,643,0.3983347007632911, 69.75," 47.75
"
1651092658.493361,643,0.3983347007632911, 69.75," 47.75
"
1651092658.5059772,645,0.3995736889460696, 69.75," 47.75
"
1651092658.518549,645,0.3995736889460696, 69.75," 47.75
"
1651092658.5306811,640,0.3964762184891233, 69.50," 47.75
"
1651092658.542558,637,0.39461773621495555, 69.50," 47.75
"
1651092658.55481,644,0.3989541948546803, 69.50," 47.50
"
1651092658.5668852,648,0.40143217122023733, 69.50," 47.75
"
1651092658.579317,649,0.4020516653116266, 69.25," 47.75
"
1651092658.592535,649,0.4020516653116266, 69.25," 47.75
"
1651092658.605644,649,0.4020516653116266, 69.25," 47.75
"
1651092658.6236072,650,0.40267115940301584, 69.25," 47.75
"
1651092658.6364648,649,0.4020516653116266, 69.25," 47.75
"
1651092658.648491,647,0.4008126771288481, 69.25," 47.75
"
1651092658.660474,651,0.4032906534944051, 69.00," 47.75
"
1651092658.672589,650,0.40267115940301584, 69.00," 47.75
"
1651092658.684599,652,0.40391014758579435, 69.00," 47.75
"
1651092658.696518,650,0.40267115940301584, 69.00," 47.75
"
1651092658.709772,651,0.4032906534944051, 69.00," 47.75
"
1651092658.722108,651,0.4032906534944051, 68.75," 47.75
"
1651092658.7346518,648,0.40143217122023733, 68.75," 47.75
"
1651092658.746791,648,0.40143217122023733, 68.75," 47.75
"
1651092658.7582972,648,0.40143217122023733, 68.50," 47.75
"
1651092658.774396,649,0.4020516653116266, 68.50," 47.75
"
1651092658.8002582,647,0.4008126771288481, 68.50," 47.75
"
1651092658.8134122,648,0.40143217122023733, 68.50," 47.75
"
1651092658.826004,647,0.4008126771288481, 68.50," 47.75
"
1651092658.8386629,652,0.40391014758579435, 68.50," 47.75
"
1651092658.851819,650,0.40267115940301584, 68.25," 47.75
"
1651092658.864238,651,0.4032906534944051, 68.25," 47.75
"
1651092658.875377,651,0.4032906534944051, 68.25," 47.75
"
1651092658.887171,649,0.4020516653116266, 68.25," 47.75
"
1651092658.8993611,651,0.4032906534944051, 68.25," 47.75
"
1651092658.912838,647,0.4008126771288481, 68.00," 47.75
"
1651092658.9255738,647,0.4008126771288481, 68.00," 47.75
"
1651092658.9376278,650,0.40267115940301584, 68.00," 47.75
"
1651092658.94929,648,0.40143217122023733, 68.00," 47.75
"
1651092658.961278,649,0.4020516653116266, 68.00," 47.75
"
1651092658.973821,647,0.4008126771288481, 68.00," 47.75
"
1651092658.990932,648,0.40143217122023733, 67.75," 47.75
"
1651092659.0080068,648,0.40143217122023733, 67.75," 47.75
"
1651092659.021864,649,0.4020516653116266, 67.75," 47.75
"
1651092659.0342872,654,0.40514913576857287, 67.75," 47.75
"
1651092659.046557,653,0.40452964167718364, 67.75," 47.75
"
1651092659.057246,652,0.40391014758579435, 67.50," 47.75
"
1651092659.0686662,649,0.4020516653116266, 67.50," 47.75
"
1651092659.080121,648,0.40143217122023733, 67.50," 48.00
"
1651092659.091222,654,0.40514913576857287, 67.50," 47.75
"
1651092659.103313,652,0.40391014758579435, 67.50," 47.75
"
1651092659.115469,652,0.40391014758579435, 67.50," 47.75
"
1651092659.1275442,653,0.40452964167718364, 67.50," 47.75
"
1651092659.140169,655,0.40576862985996215, 67.25," 48.00
"
1651092659.152201,649,0.4020516653116266, 67.25," 48.00
"
1651092659.164279,648,0.40143217122023733, 67.25," 48.00
"
1651092659.176224,648,0.40143217122023733, 67.25," 47.75
"
1651092659.188159,648,0.40143217122023733, 67.25," 47.75
"
1651092659.200174,648,0.40143217122023733, 67.00," 48.00
"
1651092659.211636,652,0.40391014758579435, 67.00," 47.75
"
1651092659.223268,654,0.40514913576857287, 67.00," 48.00
"
1651092659.235175,654,0.40514913576857287, 67.00," 47.75
"
1651092659.247503,655,0.40576862985996215, 67.00," 48.00
"
1651092659.259319,657,0.40700761804274066, 67.00," 48.00
"
1651092659.2712388,654,0.40514913576857287, 66.75," 47.75
"
1651092659.2834759,652,0.40391014758579435, 66.75," 48.00
"
1651092659.295251,653,0.40452964167718364, 66.75," 48.00
"
1651092659.307766,652,0.40391014758579435, 66.75," 48.00
"
1651092659.321484,654,0.40514913576857287, 66.50," 48.00
"
1651092659.334344,656,0.4063881239513514, 66.50," 48.00
"
1651092659.346223,653,0.40452964167718364, 66.50," 48.00
"
1651092659.3585331,651,0.4032906534944051, 66.50," 48.00
"
1651092659.370168,652,0.40391014758579435, 66.50," 48.00
"
1651092659.382129,653,0.40452964167718364, 66.50," 48.00
"
1651092659.3930602,652,0.40391014758579435, 66.50," 48.00
"
1651092659.4053671,652,0.40391014758579435, 66.25," 48.00
"
1651092659.417612,655,0.40576862985996215, 66.25," 48.00
"
1651092659.428221,655,0.40576862985996215, 66.25," 48.00
"
1651092659.440984,653,0.40452964167718364, 66.25," 48.00
"
1651092659.453459,655,0.40576862985996215, 66.25," 48.00
"
1651092659.465249,654,0.40514913576857287, 66.25," 48.00
"
1651092659.476198,653,0.40452964167718364, 66.25," 48.00
"
1651092659.488296,651,0.4032906534944051, 66.00," 48.00
"
1651092659.500145,651,0.4032906534944051, 66.00," 48.00
"
1651092659.5124428,652,0.40391014758579435, 66.00," 48.00
"
1651092659.525978,650,0.40267115940301584, 66.00," 48.00
"
1651092659.538233,653,0.40452964167718364, 66.00," 48.00
"
1651092659.550121,651,0.4032906534944051, 66.00," 48.00
"
1651092659.562186,652,0.40391014758579435, 66.00," 48.00
"
1651092659.573153,653,0.40452964167718364, 66.00," 48.00
"
1651092659.584064,653,0.40452964167718364, 65.75," 48.00
"
1651092659.595169,655,0.40576862985996215, 65.75," 48.00
"
1651092659.606627,652,0.40391014758579435, 65.75," 48.00
"
1651092659.618737,655,0.40576862985996215, 65.75," 48.00
"
1651092659.631385,655,0.40576862985996215, 65.75," 48.00
"
1651092659.6431801,651,0.4032906534944051, 65.50," 48.00
"
1651092659.6552472,650,0.40267115940301584, 65.75," 48.00
"
1651092659.6672,652,0.40391014758579435, 65.50," 48.00
"
1651092659.679455,653,0.40452964167718364, 65.50," 48.00
"
1651092659.690356,653,0.40452964167718364, 65.50," 48.00
"
1651092659.7011368,651,0.4032906534944051, 65.50," 48.00
"
1651092659.7132502,654,0.40514913576857287, 65.50," 48.00
"
1651092659.7261372,655,0.40576862985996215, 65.25," 48.00
"
1651092659.738368,654,0.40514913576857287, 65.25," 48.00
"
1651092659.7505438,654,0.40514913576857287, 65.25," 48.00
"
1651092659.762208,653,0.40452964167718364, 65.25," 48.00
"
1651092659.774435,652,0.40391014758579435, 65.25," 48.00
"
1651092659.7861,652,0.40391014758579435, 65.25," 48.00
"
1651092659.798181,654,0.40514913576857287, 65.25," 48.00
"
1651092659.809126,654,0.40514913576857287, 65.00," 48.25
"
1651092659.821586,651,0.4032906534944051, 65.00," 48.00
"
1651092659.833606,648,0.40143217122023733, 65.00," 48.00
"
1651092659.8453708,650,0.40267115940301584, 65.00," 48.00
"
1651092659.8574028,646,0.4001931830374588, 65.00," 48.00
"
1651092659.8692422,650,0.40267115940301584, 65.00," 48.00
"
1651092659.8811631,648,0.40143217122023733, 65.00," 48.00
"
1651092659.893204,651,0.4032906534944051, 64.75," 48.00
"
1651092659.905196,649,0.4020516653116266, 64.75," 48.00
"
1651092659.917809,652,0.40391014758579435, 64.75," 48.00
"
1651092659.93088,653,0.40452964167718364, 64.75," 48.00
"
1651092659.943815,646,0.4001931830374588, 64.75," 48.00
"
1651092659.955005,646,0.4001931830374588, 64.75," 48.00
"
1651092659.967186,648,0.40143217122023733, 64.50," 48.25
"
1651092659.9792619,650,0.40267115940301584, 64.75," 48.25
"
1651092659.991484,652,0.40391014758579435, 64.50," 48.25
"
1651092660.003029,650,0.40267115940301584, 64.50," 48.25
"
1651092660.0158238,648,0.40143217122023733, 64.50," 48.25
"
1651092660.028929,651,0.4032906534944051, 64.50," 48.25
"
1651092660.041725,650,0.40267115940301584, 64.50," 48.00
"
1651092660.053439,649,0.4020516653116266, 64.50," 48.25
"
1651092660.06619,652,0.40391014758579435, 64.25," 48.00
"
1651092660.077334,654,0.40514913576857287, 64.25," 48.25
"
1651092660.0897238,652,0.40391014758579435, 64.25," 48.25
"
1651092660.101084,651,0.4032906534944051, 64.25," 48.25
"
1651092660.1132631,651,0.4032906534944051, 64.25," 48.25
"
1651092660.125759,651,0.4032906534944051, 64.25," 48.25
"
1651092660.1394298,651,0.4032906534944051, 64.25," 48.25
"
1651092660.151789,653,0.40452964167718364, 64.25," 48.00
"
1651092660.16429,653,0.40452964167718364, 64.00," 48.25
"
1651092660.17629,649,0.4020516653116266, 64.00," 48.25
"
1651092660.188224,649,0.4020516653116266, 64.00," 48.25
"
1651092660.200471,650,0.40267115940301584, 64.00," 48.25
"
1651092660.215422,648,0.40143217122023733, 64.00," 48.25
"
1651092660.227811,652,0.40391014758579435, 64.00," 48.25
"
1651092660.240732,656,0.4063881239513514, 64.00," 48.25
"
1651092660.26185,654,0.40514913576857287, 63.75," 48.25
"
1651092660.274643,649,0.4020516653116266, 63.75," 48.25
"
1651092660.287133,650,0.40267115940301584, 63.75," 48.25
"
1651092660.299659,649,0.4020516653116266, 63.75," 48.25
"
1651092660.311284,651,0.4032906534944051, 63.75," 48.25
"
1651092660.32201,650,0.40267115940301584, 63.75," 48.25
"
1651092660.334534,650,0.40267115940301584, 63.75," 48.25
"
1651092660.348617,651,0.4032906534944051, 63.50," 48.25
"
1651092660.360839,650,0.40267115940301584, 63.75," 48.25
"
1651092660.373205,651,0.4032906534944051, 63.50," 48.25
"
1651092660.385261,653,0.40452964167718364, 63.50," 48.25
"
1651092660.397102,651,0.4032906534944051, 63.50," 48.25
"
1651092660.4098501,650,0.40267115940301584, 63.50," 48.25
"
1651092660.421555,654,0.40514913576857287, 63.50," 48.25
"
1651092660.433394,652,0.40391014758579435, 63.50," 48.25
"
1651092660.444268,650,0.40267115940301584, 63.50," 48.25
"
1651092660.456106,651,0.4032906534944051, 63.25," 48.25
"
1651092660.467212,650,0.40267115940301584, 63.50," 48.25
"
1651092660.4792519,651,0.4032906534944051, 63.25," 48.25
"
1651092660.491308,650,0.40267115940301584, 63.25," 48.25
"
1651092660.5031738,651,0.4032906534944051, 63.25," 48.25
"
1651092660.515363,650,0.40267115940301584, 63.25," 48.25
"
1651092660.527502,651,0.4032906534944051, 63.25," 48.25
"
1651092660.5389838,654,0.40514913576857287, 63.25," 48.25
"
1651092660.5522501,652,0.40391014758579435, 63.00," 48.25
"
1651092660.564745,649,0.4020516653116266, 63.25," 48.25
"
1651092660.577065,655,0.40576862985996215, 63.25," 48.25
"
1651092660.589205,651,0.4032906534944051, 63.00," 48.25
"
1651092660.601226,651,0.4032906534944051, 63.25," 48.25
"
1651092660.613125,652,0.40391014758579435, 63.00," 48.25
"
1651092660.625162,653,0.40452964167718364, 63.00," 48.25
"
1651092660.6377048,652,0.40391014758579435, 63.00," 48.25
"
1651092660.650614,651,0.4032906534944051, 63.00," 48.25
"
1651092660.663371,651,0.4032906534944051, 63.00," 48.25
"
1651092660.675141,653,0.40452964167718364, 63.00," 48.25
"
1651092660.687166,652,0.40391014758579435, 63.00," 48.25
"
1651092660.699083,650,0.40267115940301584, 63.00," 48.25
"
1651092660.71009,653,0.40452964167718364, 63.00," 48.25
"
1651092660.722089,653,0.40452964167718364, 62.75," 48.25
"
1651092660.733873,653,0.40452964167718364, 62.75," 48.25
"
1651092660.746624,652,0.40391014758579435, 62.75," 48.25
"
1651092660.759212,652,0.40391014758579435, 62.75," 48.25
"
1651092660.77144,651,0.4032906534944051, 62.75," 48.25
"
1651092660.783124,654,0.40514913576857287, 62.75," 48.25
"
1651092660.7954361,653,0.40452964167718364, 62.75," 48.25
"
1651092660.807533,650,0.40267115940301584, 62.75," 48.25
"
1651092660.820022,648,0.40143217122023733, 62.75," 48.25
"
1651092660.8324192,649,0.4020516653116266, 62.50," 48.25
"
1651092660.843913,649,0.4020516653116266, 62.50," 48.25
"
1651092660.856433,649,0.4020516653116266, 62.50," 48.50
"
1651092660.8683572,648,0.40143217122023733, 62.50," 48.25
"
1651092660.880089,651,0.4032906534944051, 62.50," 48.25
"
1651092660.892596,651,0.4032906534944051, 62.50," 48.25
"
1651092660.905182,651,0.4032906534944051, 62.50," 48.25
"
1651092660.917652,649,0.4020516653116266, 62.50," 48.50
"
1651092660.930007,651,0.4032906534944051, 62.50," 48.25
"
1651092660.9420328,653,0.40452964167718364, 62.25," 48.25
"
1651092660.954413,646,0.4001931830374588, 62.25," 48.50
"
1651092660.96695,650,0.40267115940301584, 62.25," 48.50
"
1651092660.979579,652,0.40391014758579435, 62.25," 48.50
"
1651092660.991327,650,0.40267115940301584, 62.25," 48.25
"
1651092661.0020611,648,0.40143217122023733, 62.25," 48.25
"
1651092661.014354,648,0.40143217122023733, 62.25," 48.25
"
1651092661.027523,647,0.4008126771288481, 62.25," 48.50
"
1651092661.039024,648,0.40143217122023733, 62.25," 48.50
"
1651092661.051019,649,0.4020516653116266, 62.25," 48.50
"
1651092661.0637062,647,0.4008126771288481, 62.25," 48.50
"
1651092661.0750358,652,0.40391014758579435, 62.00," 48.50
"
1651092661.087765,651,0.4032906534944051, 62.00," 48.50
"
1651092661.0980601,649,0.4020516653116266, 62.00," 48.50
"
1651092661.1105762,646,0.4001931830374588, 62.00," 48.50
"
1651092661.123795,650,0.40267115940301584, 62.00," 48.50
"
1651092661.136183,652,0.40391014758579435, 61.75," 48.50
"
1651092661.148216,652,0.40391014758579435, 62.00," 48.50
"
1651092661.1599622,649,0.4020516653116266, 62.00," 48.50
"
1651092661.17308,648,0.40143217122023733, 62.00," 48.50
"
1651092661.184853,651,0.4032906534944051, 62.00," 48.50
"
1651092661.197925,650,0.40267115940301584, 61.75," 48.50
"
1651092661.210052,650,0.40267115940301584, 61.75," 48.50
"
1651092661.22224,650,0.40267115940301584, 61.75," 48.50
"
1651092661.2339158,653,0.40452964167718364, 61.75," 48.50
"
1651092661.245949,652,0.40391014758579435, 61.75," 48.50
"
1651092661.2581692,651,0.4032906534944051, 61.75," 48.50
"
1651092661.270855,650,0.40267115940301584, 61.75," 48.50
"
1651092661.2831738,648,0.40143217122023733, 61.75," 48.50
"
1651092661.2951522,645,0.3995736889460696, 61.75," 48.50
"
1651092661.307494,649,0.4020516653116266, 61.75," 48.50
"
1651092661.320014,650,0.40267115940301584, 61.75," 48.50
"
1651092661.332475,650,0.40267115940301584, 61.75," 48.50
"
1651092661.344157,652,0.40391014758579435, 61.50," 48.50
"
1651092661.356118,653,0.40452964167718364, 61.50," 48.50
"
1651092661.366888,652,0.40391014758579435, 61.50," 48.50
"
1651092661.3801758,652,0.40391014758579435, 61.50," 48.50
"
1651092661.392701,651,0.4032906534944051, 61.50," 48.50
"
1651092661.40528,647,0.4008126771288481, 61.50," 48.50
"
1651092661.417742,648,0.40143217122023733, 61.50," 48.50
"
1651092661.429963,647,0.4008126771288481, 61.50," 48.50
"
1651092661.44083,647,0.4008126771288481, 61.50," 48.50
"
1651092661.4519172,649,0.4020516653116266, 61.50," 48.50
"
1651092661.4639418,646,0.4001931830374588, 61.50," 48.50
"
1651092661.476377,646,0.4001931830374588, 61.25," 48.50
"
1651092661.4881501,645,0.3995736889460696, 61.25," 48.50
"
1651092661.4999301,651,0.4032906534944051, 61.25," 48.50
"
1651092661.512491,651,0.4032906534944051, 61.25," 48.50
"
1651092661.5252,652,0.40391014758579435, 61.25," 48.50
"
1651092661.537177,655,0.40576862985996215, 61.25," 48.50
"
1651092661.548979,652,0.40391014758579435, 61.25," 48.50
"
1651092661.5610728,650,0.40267115940301584, 61.25," 48.50
"
1651092661.571863,648,0.40143217122023733, 61.25," 48.50
"
1651092661.5857239,649,0.4020516653116266, 61.25," 48.50
"
1651092661.598809,647,0.4008126771288481, 61.00," 48.50
"
1651092661.611485,648,0.40143217122023733, 61.00," 48.50
"
1651092661.624437,650,0.40267115940301584, 61.00," 48.50
"
1651092661.636121,649,0.4020516653116266, 61.00," 48.50
"
1651092661.647874,650,0.40267115940301584, 61.00," 48.50
"
1651092661.659874,651,0.4032906534944051, 61.00," 48.50
"
1651092661.6709728,653,0.40452964167718364, 61.00," 48.50
"
1651092661.682654,652,0.40391014758579435, 61.00," 48.50
"
1651092661.695162,647,0.4008126771288481, 61.00," 48.50
"
1651092661.707716,651,0.4032906534944051, 61.00," 48.50
"
1651092661.720551,651,0.4032906534944051, 60.75," 48.50
"
1651092661.7329621,650,0.40267115940301584, 61.00," 48.50
"
1651092661.743937,649,0.4020516653116266, 61.00," 48.75
"
1651092661.755765,651,0.4032906534944051, 60.75," 48.75
"
1651092661.7677162,652,0.40391014758579435, 60.75," 48.50
"
1651092661.778857,651,0.4032906534944051, 60.75," 48.50
"
1651092661.792219,653,0.40452964167718364, 60.75," 48.50
"
1651092661.804438,652,0.40391014758579435, 60.75," 48.50
"
1651092661.816019,651,0.4032906534944051, 60.75," 48.50
"
1651092661.826816,654,0.40514913576857287, 60.75," 48.50
"
1651092661.839042,654,0.40514913576857287, 60.75," 48.50
"
1651092661.850871,651,0.4032906534944051, 60.75," 48.50
"
1651092661.862862,652,0.40391014758579435, 60.75," 48.75
"
1651092661.8751109,651,0.4032906534944051, 60.75," 48.50
"
1651092661.887634,652,0.40391014758579435, 60.75," 48.50
"
1651092661.900217,653,0.40452964167718364, 60.75," 48.50
"
1651092661.91224,650,0.40267115940301584, 60.50," 48.50
"
1651092661.924203,654,0.40514913576857287, 60.50," 48.50
"
1651092661.935788,651,0.4032906534944051, 60.50," 48.50
"
1651092661.948017,652,0.40391014758579435, 60.50," 48.50
"
1651092661.958834,650,0.40267115940301584, 60.50," 48.50
"
1651092661.970939,651,0.4032906534944051, 60.50," 48.50
"
1651092661.983053,651,0.4032906534944051, 60.50," 48.50
"
1651092661.996544,650,0.40267115940301584, 60.50," 48.50
"
1651092662.010298,651,0.4032906534944051, 60.50," 48.50
"
1651092662.023031,650,0.40267115940301584, 60.50," 48.50
"
1651092662.035,653,0.40452964167718364, 60.50," 48.75
"
1651092662.04684,652,0.40391014758579435, 60.50," 48.75
"
1651092662.058818,653,0.40452964167718364, 60.50," 48.50
"
1651092662.0699441,652,0.40391014758579435, 60.50," 48.75
"
1651092662.081743,652,0.40391014758579435, 60.25," 48.50
"
1651092662.094767,651,0.4032906534944051, 60.25," 48.75
"
1651092662.1076102,646,0.4001931830374588, 60.25," 48.50
"
1651092662.1201851,650,0.40267115940301584, 60.25," 48.75
"
1651092662.131947,652,0.40391014758579435, 60.25," 48.50
"
1651092662.143842,652,0.40391014758579435, 60.25," 48.75
"
1651092662.156665,646,0.4001931830374588, 60.25," 48.75
"
1651092662.168997,644,0.3989541948546803, 60.25," 48.50
"
1651092662.18101,647,0.4008126771288481, 60.25," 48.75
"
1651092662.192203,649,0.4020516653116266, 60.25," 48.75
"
1651092662.205178,649,0.4020516653116266, 60.25," 48.75
"
1651092662.2175,648,0.40143217122023733, 60.00," 48.75
"
1651092662.2288451,651,0.4032906534944051, 60.25," 48.75
"
1651092662.240845,653,0.40452964167718364, 60.25," 48.50
"
1651092662.252969,650,0.40267115940301584, 60.00," 48.75
"
1651092662.2647722,651,0.4032906534944051, 60.00," 48.75
"
1651092662.276835,649,0.4020516653116266, 60.00," 48.75
"
1651092662.288956,651,0.4032906534944051, 60.00," 48.75
"
1651092662.301719,653,0.40452964167718364, 60.00," 48.75
"
1651092662.313819,649,0.4020516653116266, 60.00," 48.75
"
1651092662.325918,648,0.40143217122023733, 60.00," 48.75
"
1651092662.33784,647,0.4008126771288481, 60.00," 48.75
"
1651092662.3497741,649,0.4020516653116266, 60.00," 48.75
"
1651092662.361869,648,0.40143217122023733, 60.00," 48.75
"
1651092662.373976,648,0.40143217122023733, 60.00," 48.75
"
1651092662.3858922,652,0.40391014758579435, 60.00," 48.75
"
1651092662.397896,650,0.40267115940301584, 60.00," 48.75
"
1651092662.411408,650,0.40267115940301584, 60.00," 48.75
"
1651092662.424769,648,0.40143217122023733, 60.00," 48.75
"
1651092662.4376872,649,0.4020516653116266, 60.00," 48.75
"
1651092662.4501262,648,0.40143217122023733, 60.00," 48.75
"
1651092662.462548,647,0.4008126771288481, 60.00," 48.75
"
1651092662.475104,648,0.40143217122023733, 60.00," 48.75
"
1651092662.486902,649,0.4020516653116266, 60.00," 48.75
"
1651092662.4991841,651,0.4032906534944051, 60.00," 48.75
"
1651092662.512157,651,0.4032906534944051, 59.75," 48.75
"
1651092662.5256882,651,0.4032906534944051, 59.75," 48.75
"
1651092662.5383801,651,0.4032906534944051, 60.00," 48.75
"
1651092662.551081,650,0.40267115940301584, 59.75," 48.75
"
1651092662.56323,650,0.40267115940301584, 59.75," 48.75
"
1651092662.574913,652,0.40391014758579435, 59.75," 48.75
"
1651092662.5859241,650,0.40267115940301584, 59.75," 48.75
"
1651092662.596766,648,0.40143217122023733, 59.75," 48.75
"
1651092662.60801,650,0.40267115940301584, 59.75," 48.75
"
1651092662.621545,655,0.40576862985996215, 59.75," 48.75
"
1651092662.634465,654,0.40514913576857287, 59.75," 48.75
"
1651092662.6470358,651,0.4032906534944051, 59.75," 48.75
"
1651092662.658774,654,0.40514913576857287, 59.75," 48.75
"
1651092662.67084,655,0.40576862985996215, 59.75," 48.75
"
1651092662.681816,654,0.40514913576857287, 59.75," 48.75
"
1651092662.6939268,648,0.40143217122023733, 59.75," 48.75
"
1651092662.705914,649,0.4020516653116266, 59.75," 48.75
"
1651092662.7189708,646,0.4001931830374588, 59.50," 48.75
"
1651092662.7298481,650,0.40267115940301584, 59.75," 48.75
"
1651092662.741951,649,0.4020516653116266, 59.50," 48.75
"
1651092662.754005,650,0.40267115940301584, 59.50," 48.75
"
1651092662.764807,650,0.40267115940301584, 59.50," 48.75
"
1651092662.776754,649,0.4020516653116266, 59.50," 48.75
"
1651092662.789023,648,0.40143217122023733, 59.50," 48.75
"
1651092662.801034,648,0.40143217122023733, 59.50," 48.75
"
1651092662.811999,645,0.3995736889460696, 59.50," 48.75
"
1651092662.82531,648,0.40143217122023733, 59.50," 48.75
"
1651092662.8385952,646,0.4001931830374588, 59.50," 48.75
"
1651092662.8508842,647,0.4008126771288481, 59.50," 48.75
"
1651092662.8628328,647,0.4008126771288481, 59.50," 48.75
"
1651092662.874832,643,0.3983347007632911, 59.50," 48.75
"
1651092662.886982,645,0.3995736889460696, 59.50," 48.75
"
1651092662.899199,646,0.4001931830374588, 59.50," 48.75
"
1651092662.911006,644,0.3989541948546803, 59.50," 48.75
"
1651092662.923838,645,0.3995736889460696, 59.50," 48.75
"
1651092662.936137,645,0.3995736889460696, 59.50," 48.75
"
1651092662.947741,644,0.3989541948546803, 59.50," 48.75
"
1651092662.958617,642,0.3977152066719018, 59.50," 48.75
"
1651092662.970701,642,0.3977152066719018, 59.50," 48.75
"
1651092662.9828238,643,0.3983347007632911, 59.25," 48.75
"
1651092662.995372,642,0.3977152066719018, 59.50," 48.75
"
1651092663.007997,644,0.3989541948546803, 59.25," 48.75
"
1651092663.01915,642,0.3977152066719018, 59.25," 48.75
"
1651092663.0329878,644,0.3989541948546803, 59.25," 48.75
"
1651092663.045074,645,0.3995736889460696, 59.25," 48.75
"
1651092663.055698,644,0.3989541948546803, 59.25," 48.75
"
1651092663.065737,645,0.3995736889460696, 59.25," 48.75
"
1651092663.077677,646,0.4001931830374588, 59.25," 49.00
"
1651092663.089837,645,0.3995736889460696, 59.25," 48.75
"
1651092663.102886,645,0.3995736889460696, 59.25," 48.75
"
1651092663.115254,643,0.3983347007632911, 59.25," 48.75
"
1651092663.128936,644,0.3989541948546803, 59.25," 48.75
"
1651092663.14127,645,0.3995736889460696, 59.25," 48.75
"
1651092663.15284,649,0.4020516653116266, 59.25," 49.00
"
1651092663.164734,649,0.4020516653116266, 59.25," 49.00
"
1651092663.176888,648,0.40143217122023733, 59.25," 48.75
"
1651092663.1886778,650,0.40267115940301584, 59.25," 49.00
"
1651092663.200753,647,0.4008126771288481, 59.25," 48.75
"
1651092663.213121,648,0.40143217122023733, 59.25," 49.00
"
1651092663.226204,651,0.4032906534944051, 59.25," 49.00
"
1651092663.239597,656,0.4063881239513514, 59.25," 49.00
"
1651092663.252287,654,0.40514913576857287, 59.25," 49.00
"
1651092663.2647061,652,0.40391014758579435, 59.00," 49.00
"
1651092663.276822,651,0.4032906534944051, 59.00," 49.00
"
1651092663.287814,646,0.4001931830374588, 59.00," 49.00
"
1651092663.299774,649,0.4020516653116266, 59.00," 49.00
"
1651092663.3124108,650,0.40267115940301584, 59.00," 49.00
"
1651092663.324683,651,0.4032906534944051, 59.00," 48.75
"
1651092663.337384,649,0.4020516653116266, 59.00," 49.00
"
1651092663.349837,648,0.40143217122023733, 59.00," 49.00
"
1651092663.361676,647,0.4008126771288481, 59.00," 49.00
"
1651092663.373866,649,0.4020516653116266, 59.00," 49.00
"
1651092663.3858151,647,0.4008126771288481, 59.00," 49.00
"
1651092663.397776,649,0.4020516653116266, 59.00," 49.00
"
1651092663.410418,649,0.4020516653116266, 59.00," 49.00
"
1651092663.422773,645,0.3995736889460696, 59.00," 49.00
"
1651092663.434869,651,0.4032906534944051, 59.00," 49.00
"
1651092663.4468539,648,0.40143217122023733, 59.00," 49.00
"
1651092663.459222,645,0.3995736889460696, 59.00," 49.00
"
1651092663.470805,646,0.4001931830374588, 59.00," 49.00
"
1651092663.4825459,645,0.3995736889460696, 59.00," 49.00
"
1651092663.493859,644,0.3989541948546803, 59.00," 49.00
"
1651092663.505762,647,0.4008126771288481, 59.00," 49.00
"
1651092663.5182762,645,0.3995736889460696, 59.00," 49.00
"
1651092663.5308712,646,0.4001931830374588, 59.00," 49.00
"
1651092663.543705,643,0.3983347007632911, 59.00," 49.00
"
1651092663.5558138,645,0.3995736889460696, 58.75," 49.00
"
1651092663.567659,649,0.4020516653116266, 59.00," 49.00
"
1651092663.5787299,646,0.4001931830374588, 58.75," 49.00
"
1651092663.590831,650,0.40267115940301584, 58.75," 49.00
"
1651092663.603328,649,0.4020516653116266, 58.75," 49.00
"
1651092663.6157818,650,0.40267115940301584, 58.75," 49.00
"
1651092663.627986,648,0.40143217122023733, 58.75," 49.00
"
1651092663.640991,642,0.3977152066719018, 58.75," 49.00
"
1651092663.6538,647,0.4008126771288481, 58.75," 49.00
"
1651092663.6650372,648,0.40143217122023733, 58.75," 49.00
"
1651092663.676995,649,0.4020516653116266, 58.75," 49.00
"
1651092663.6888692,647,0.4008126771288481, 58.75," 49.00
"
1651092663.700961,646,0.4001931830374588, 58.75," 49.00
"
1651092663.712708,647,0.4008126771288481, 58.75," 49.00
"
1651092663.725642,648,0.40143217122023733, 58.75," 49.00
"
1651092663.737855,645,0.3995736889460696, 58.75," 49.00
"
1651092663.750535,644,0.3989541948546803, 58.75," 49.00
"
1651092663.762828,637,0.39461773621495555, 58.75," 49.00
"
1651092663.774783,638,0.3952372303063448, 58.75," 49.00
"
1651092663.7868109,639,0.39585672439773406, 58.75," 49.25
"
1651092663.798812,643,0.3983347007632911, 58.75," 49.00
"
1651092663.810976,644,0.3989541948546803, 58.75," 49.00
"
1651092663.8226671,643,0.3983347007632911, 58.75," 49.00
"
1651092663.8335612,642,0.3977152066719018, 58.75," 49.00
"
1651092663.8456361,642,0.3977152066719018, 58.75," 49.00
"
1651092663.858599,643,0.3983347007632911, 58.75," 49.00
"
1651092663.871283,644,0.3989541948546803, 58.75," 49.00
"
1651092663.8836758,643,0.3983347007632911, 58.50," 49.00
"
1651092663.895616,644,0.3989541948546803, 58.75," 49.00
"
1651092663.907829,644,0.3989541948546803, 58.75," 49.00
"
1651092663.920207,641,0.39709571258051257, 58.75," 49.00
"
1651092663.932854,642,0.3977152066719018, 58.75," 49.00
"
1651092663.943597,644,0.3989541948546803, 58.75," 49.25
"
1651092663.956157,644,0.3989541948546803, 58.50," 49.00
"
1651092663.9676301,643,0.3983347007632911, 58.50," 49.00
"
1651092663.979591,641,0.39709571258051257, 58.75," 49.00
"
1651092663.9916968,641,0.39709571258051257, 58.50," 49.00
"
1651092664.002826,643,0.3983347007632911, 58.50," 49.00
"
1651092664.014888,647,0.4008126771288481, 58.50," 49.00
"
1651092664.026622,644,0.3989541948546803, 58.50," 49.00
"
1651092664.038531,646,0.4001931830374588, 58.50," 49.00
"
1651092664.049578,645,0.3995736889460696, 58.50," 49.00
"
1651092664.061615,647,0.4008126771288481, 58.50," 49.25
"
1651092664.074352,646,0.4001931830374588, 58.50," 49.00
"
1651092664.086645,649,0.4020516653116266, 58.50," 49.00
"
1651092664.0988858,647,0.4008126771288481, 58.50," 49.00
"
1651092664.1110451,646,0.4001931830374588, 58.50," 49.00
"
1651092664.1229749,646,0.4001931830374588, 58.50," 49.00
"
1651092664.135783,648,0.40143217122023733, 58.50," 49.00
"
1651092664.1476202,649,0.4020516653116266, 58.50," 49.25
"
1651092664.1600268,647,0.4008126771288481, 58.50," 49.25
"
1651092664.170895,646,0.4001931830374588, 58.50," 49.25
"
1651092664.18283,647,0.4008126771288481, 58.50," 49.25
"
1651092664.195127,646,0.4001931830374588, 58.50," 49.00
"
1651092664.207968,648,0.40143217122023733, 58.50," 49.00
"
1651092664.22107,646,0.4001931830374588, 58.50," 49.25
"
1651092664.232785,648,0.40143217122023733, 58.50," 49.00
"
1651092664.2435808,651,0.4032906534944051, 58.50," 49.25
"
1651092664.255609,651,0.4032906534944051, 58.50," 49.25
"
1651092664.269004,651,0.4032906534944051, 58.50," 49.25
"
1651092664.2814982,649,0.4020516653116266, 58.50," 49.25
"
1651092664.293796,649,0.4020516653116266, 58.50," 49.25
"
1651092664.304804,646,0.4001931830374588, 58.50," 49.25
"
1651092664.317047,648,0.40143217122023733, 58.50," 49.25
"
1651092664.3294919,649,0.4020516653116266, 58.50," 49.25
"
1651092664.340735,646,0.4001931830374588, 58.50," 49.25
"
1651092664.352723,647,0.4008126771288481, 58.50," 49.25
"
1651092664.36396,645,0.3995736889460696, 58.50," 49.25
"
1651092664.375653,646,0.4001931830374588, 58.50," 49.25
"
1651092664.387845,647,0.4008126771288481, 58.50," 49.25
"
1651092664.399873,647,0.4008126771288481, 58.25," 49.25
"
1651092664.412141,647,0.4008126771288481, 58.50," 49.25
"
1651092664.425198,648,0.40143217122023733, 58.50," 49.25
"
1651092664.437778,646,0.4001931830374588, 58.50," 49.25
"
1651092664.44957,648,0.40143217122023733, 58.25," 49.25
"
1651092664.461636,644,0.3989541948546803, 58.25," 49.25
"
1651092664.475119,642,0.3977152066719018, 58.25," 49.25
"
1651092664.487541,643,0.3983347007632911, 58.25," 49.25
"
1651092664.499419,645,0.3995736889460696, 58.25," 49.25
"
1651092664.511806,642,0.3977152066719018, 58.25," 49.25
"
1651092664.523621,644,0.3989541948546803, 58.25," 49.25
"
1651092664.536088,646,0.4001931830374588, 58.25," 49.25
"
1651092664.5486689,647,0.4008126771288481, 58.25," 49.25
"
1651092664.5595589,645,0.3995736889460696, 58.25," 49.25
"
1651092664.572067,646,0.4001931830374588, 58.25," 49.25
"
1651092664.584682,649,0.4020516653116266, 58.25," 49.25
"
1651092664.596792,651,0.4032906534944051, 58.25," 49.25
"
1651092664.6095731,648,0.40143217122023733, 58.25," 49.25
"
1651092664.621751,650,0.40267115940301584, 58.25," 49.25
"
1651092664.633583,651,0.4032906534944051, 58.25," 49.25
"
1651092664.644657,650,0.40267115940301584, 58.25," 49.25
"
1651092664.656597,647,0.4008126771288481, 58.25," 49.25
"
1651092664.6686232,650,0.40267115940301584, 58.25," 49.25
"
1651092664.682139,652,0.40391014758579435, 58.25," 49.25
"
1651092664.693366,648,0.40143217122023733, 58.25," 49.25
"
1651092664.706356,649,0.4020516653116266, 58.25," 49.25
"
1651092664.717706,647,0.4008126771288481, 58.25," 49.25
"
1651092664.730172,647,0.4008126771288481, 58.25," 49.25
"
1651092664.742676,655,0.40576862985996215, 58.25," 49.25
"
1651092664.754716,655,0.40576862985996215, 58.25," 49.25
"
1651092664.766987,653,0.40452964167718364, 58.25," 49.25
"
1651092664.779567,641,0.39709571258051257, 58.25," 49.25
"
1651092664.791886,652,0.40391014758579435, 58.25," 49.25
"
1651092664.803942,652,0.40391014758579435, 58.25," 49.25
"
1651092664.815618,647,0.4008126771288481, 58.25," 49.25
"
1651092664.827422,652,0.40391014758579435, 58.25," 49.25
"
1651092664.839728,644,0.3989541948546803, 58.25," 49.25
"
1651092664.851458,647,0.4008126771288481, 58.25," 49.25
"
1651092664.863507,649,0.4020516653116266, 58.25," 49.25
"
1651092664.876128,648,0.40143217122023733, 58.25," 49.25
"
1651092664.8886669,648,0.40143217122023733, 58.25," 49.25
"
1651092664.90021,647,0.4008126771288481, 58.25," 49.25
"
1651092664.912256,645,0.3995736889460696, 58.00," 49.25
"
1651092664.924308,648,0.40143217122023733, 58.00," 49.25
"
1651092664.936613,647,0.4008126771288481, 58.25," 49.25
"
1651092664.948815,653,0.40452964167718364, 58.00," 49.25
"
1651092664.9605172,649,0.4020516653116266, 58.25," 49.25
"
1651092664.972515,649,0.4020516653116266, 58.25," 49.25
"
1651092664.9852622,648,0.40143217122023733, 58.00," 49.25
"
1651092664.996713,645,0.3995736889460696, 58.25," 49.25
"
1651092665.0092092,647,0.4008126771288481, 58.25," 49.25
"
1651092665.021468,647,0.4008126771288481, 58.25," 49.25
"
1651092665.0326889,656,0.4063881239513514, 58.25," 49.50
"
1651092665.044447,649,0.4020516653116266, 58.25," 49.25
"
1651092665.056837,655,0.40576862985996215, 58.25," 49.25
"
1651092665.068474,652,0.40391014758579435, 58.25," 49.25
"
1651092665.080595,654,0.40514913576857287, 58.00," 49.25
"
1651092665.094015,652,0.40391014758579435, 58.00," 49.25
"
1651092665.1063511,653,0.40452964167718364, 58.25," 49.50
"
1651092665.119325,649,0.4020516653116266, 58.00," 49.25
"
1651092665.131881,649,0.4020516653116266, 58.00," 49.25
"
1651092665.143541,650,0.40267115940301584, 58.25," 49.25
"
1651092665.155477,652,0.40391014758579435, 58.25," 49.50
"
1651092665.167331,652,0.40391014758579435, 58.00," 49.50
"
1651092665.1795928,652,0.40391014758579435, 58.00," 49.50
"
1651092665.1921768,653,0.40452964167718364, 58.00," 49.50
"
1651092665.2047129,653,0.40452964167718364, 58.25," 49.25
"
1651092665.2170858,651,0.4032906534944051, 58.00," 49.50
"
1651092665.229493,649,0.4020516653116266, 58.00," 49.25
"
1651092665.2416482,648,0.40143217122023733, 58.00," 49.25
"
1651092665.253793,650,0.40267115940301584, 58.00," 49.50
"
1651092665.2656488,651,0.4032906534944051, 58.00," 49.50
"
1651092665.2776058,649,0.4020516653116266, 58.00," 49.25
"
1651092665.289536,648,0.40143217122023733, 58.00," 49.25
"
1651092665.3032892,648,0.40143217122023733, 58.00," 49.25
"
1651092665.3163369,651,0.4032906534944051, 58.00," 49.50
"
1651092665.328474,650,0.40267115940301584, 58.00," 49.50
"
1651092665.340698,650,0.40267115940301584, 58.00," 49.50
"
1651092665.352602,650,0.40267115940301584, 58.00," 49.50
"
1651092665.364395,653,0.40452964167718364, 58.00," 49.50
"
1651092665.376509,654,0.40514913576857287, 58.00," 49.50
"
1651092665.388582,652,0.40391014758579435, 58.00," 49.50
"
1651092665.40088,653,0.40452964167718364, 58.00," 49.50
"
1651092665.411968,652,0.40391014758579435, 58.00," 49.50
"
1651092665.424763,649,0.4020516653116266, 58.00," 49.50
"
1651092665.436861,649,0.4020516653116266, 58.00," 49.50
"
1651092665.449246,648,0.40143217122023733, 58.00," 49.50
"
1651092665.461445,648,0.40143217122023733, 58.00," 49.50
"
1651092665.473494,647,0.4008126771288481, 58.00," 49.50
"
1651092665.4858692,648,0.40143217122023733, 58.00," 49.50
"
1651092665.4976268,649,0.4020516653116266, 58.00," 49.50
"
1651092665.510697,653,0.40452964167718364, 58.00," 49.50
"
1651092665.523262,651,0.4032906534944051, 58.00," 49.50
"
1651092665.5361311,649,0.4020516653116266, 58.00," 49.50
"
1651092665.548456,654,0.40514913576857287, 58.00," 49.50
"
1651092665.560879,652,0.40391014758579435, 58.00," 49.50
"
1651092665.5728571,651,0.4032906534944051, 58.00," 49.50
"
1651092665.583751,652,0.40391014758579435, 58.00," 49.50
"
1651092665.595943,650,0.40267115940301584, 58.00," 49.50
"
1651092665.6098182,651,0.4032906534944051, 58.00," 49.50
"
1651092665.6234748,650,0.40267115940301584, 58.00," 49.50
"
1651092665.6358778,654,0.40514913576857287, 58.00," 49.50
"
1651092665.649003,652,0.40391014758579435, 58.00," 49.50
"
1651092665.66148,648,0.40143217122023733, 58.00," 49.50
"
1651092665.673013,648,0.40143217122023733, 58.00," 49.50
"
1651092665.685615,648,0.40143217122023733, 58.00," 49.50
"
1651092665.69791,648,0.40143217122023733, 58.00," 49.50
"
1651092665.711593,648,0.40143217122023733, 58.00," 49.50
"
1651092665.724138,648,0.40143217122023733, 58.00," 49.50
"
1651092665.737241,651,0.4032906534944051, 58.00," 49.50
"
1651092665.748715,650,0.40267115940301584, 58.00," 49.50
"
1651092665.76093,647,0.4008126771288481, 58.00," 49.50
"
1651092665.7731452,647,0.4008126771288481, 58.00," 49.50
"
1651092665.7854998,648,0.40143217122023733, 58.00," 49.50
"
1651092665.79677,649,0.4020516653116266, 58.00," 49.50
"
1651092665.808748,650,0.40267115940301584, 58.00," 49.50
"
1651092665.8219788,647,0.4008126771288481, 58.00," 49.50
"
1651092665.834402,650,0.40267115940301584, 58.00," 49.50
"
1651092665.846774,651,0.4032906534944051, 58.00," 49.50
"
1651092665.857471,647,0.4008126771288481, 58.00," 49.50
"
1651092665.869421,646,0.4001931830374588, 58.00," 49.50
"
1651092665.8817768,647,0.4008126771288481, 58.00," 49.50
"
1651092665.8936331,648,0.40143217122023733, 58.00," 49.50
"
1651092665.905482,648,0.40143217122023733, 58.00," 49.50
"
1651092665.918855,648,0.40143217122023733, 58.00," 49.50
"
1651092665.9299378,649,0.4020516653116266, 58.00," 49.50
"
1651092665.941793,647,0.4008126771288481, 58.00," 49.50
"
1651092665.9525928,645,0.3995736889460696, 58.00," 49.50
"
1651092665.96449,650,0.40267115940301584, 57.75," 49.50
"
1651092665.9765918,648,0.40143217122023733, 58.00," 49.50
"
1651092665.9884439,648,0.40143217122023733, 58.00," 49.50
"
1651092666.000551,648,0.40143217122023733, 58.00," 49.50
"
1651092666.0125902,646,0.4001931830374588, 58.00," 49.50
"
1651092666.0252302,645,0.3995736889460696, 58.00," 49.50
"
1651092666.037972,645,0.3995736889460696, 58.00," 49.50
"
1651092666.0496142,648,0.40143217122023733, 58.00," 49.50
"
1651092666.06038,647,0.4008126771288481, 58.00," 49.50
"
1651092666.07246,644,0.3989541948546803, 58.00," 49.50
"
1651092666.08448,647,0.4008126771288481, 58.00," 49.50
"
1651092666.095393,646,0.4001931830374588, 58.00," 49.50
"
1651092666.107798,643,0.3983347007632911, 58.00," 49.75
"
1651092666.1207411,641,0.39709571258051257, 58.00," 49.50
"
1651092666.134003,643,0.3983347007632911, 58.00," 49.75
"
1651092666.1466491,645,0.3995736889460696, 58.00," 49.50
"
1651092666.158583,648,0.40143217122023733, 57.75," 49.75
"
1651092666.170499,646,0.4001931830374588, 58.00," 49.50
"
1651092666.181605,646,0.4001931830374588, 57.75," 49.50
"
1651092666.193742,646,0.4001931830374588, 57.75," 49.75
"
1651092666.205573,644,0.3989541948546803, 57.75," 49.50
"
1651092666.217951,648,0.40143217122023733, 57.75," 49.50
"
1651092666.231436,648,0.40143217122023733, 57.75," 49.75
"
1651092666.2435148,644,0.3989541948546803, 57.75," 49.50
"
1651092666.255411,645,0.3995736889460696, 58.00," 49.50
"
1651092666.2676742,645,0.3995736889460696, 58.00," 49.50
"
1651092666.2793448,647,0.4008126771288481, 58.00," 49.75
"
1651092666.2914271,648,0.40143217122023733, 58.00," 49.75
"
1651092666.3040462,646,0.4001931830374588, 57.75," 49.75
"
1651092666.3168352,647,0.4008126771288481, 58.00," 49.75
"
1651092666.330409,648,0.40143217122023733, 58.00," 49.75
"
1651092666.343368,647,0.4008126771288481, 57.75," 49.75
"
1651092666.355398,645,0.3995736889460696, 57.75," 49.75
"
1651092666.367521,646,0.4001931830374588, 58.00," 49.75
"
1651092666.379667,646,0.4001931830374588, 58.00," 49.75
"
1651092666.39137,647,0.4008126771288481, 58.00," 49.75
"
1651092666.403745,646,0.4001931830374588, 57.75," 49.75
"
1651092666.4167008,645,0.3995736889460696, 58.00," 49.75
"
1651092666.428363,647,0.4008126771288481, 58.00," 49.75
"
1651092666.440712,645,0.3995736889460696, 58.00," 49.75
"
1651092666.45238,646,0.4001931830374588, 58.00," 49.75
"
1651092666.463307,646,0.4001931830374588, 57.75," 49.75
"
1651092666.4752982,646,0.4001931830374588, 57.75," 49.75
"
1651092666.4855812,645,0.3995736889460696, 57.75," 49.75
"
1651092666.4972632,644,0.3989541948546803, 57.75," 49.75
"
1651092666.507807,645,0.3995736889460696, 57.75," 49.75
"
1651092666.520475,645,0.3995736889460696, 57.75," 49.75
"
1651092666.53315,646,0.4001931830374588, 57.75," 49.75
"
1651092666.544534,647,0.4008126771288481, 58.00," 49.75
"
1651092666.556759,648,0.40143217122023733, 57.75," 49.75
"
1651092666.567518,648,0.40143217122023733, 57.75," 49.75
"
1651092666.579347,647,0.4008126771288481, 57.75," 49.75
"
1651092666.591753,649,0.4020516653116266, 57.75," 49.75
"
1651092666.603481,648,0.40143217122023733, 57.75," 49.75
"
1651092666.615896,646,0.4001931830374588, 58.00," 49.75
"
1651092666.627983,646,0.4001931830374588, 57.75," 49.75
"
1651092666.63957,646,0.4001931830374588, 57.75," 49.75
"
1651092666.651864,648,0.40143217122023733, 57.75," 49.75
"
1651092666.6635048,648,0.40143217122023733, 57.75," 49.75
"
1651092666.675377,647,0.4008126771288481, 57.75," 49.75
"
1651092666.68765,646,0.4001931830374588, 57.75," 49.75
"
1651092666.6994612,648,0.40143217122023733, 57.75," 49.75
"
1651092666.711918,648,0.40143217122023733, 57.75," 49.75
"
1651092666.724283,646,0.4001931830374588, 57.75," 49.75
"
1651092666.736554,645,0.3995736889460696, 57.75," 49.75
"
1651092666.749304,647,0.4008126771288481, 58.00," 49.75
"
1651092666.761482,650,0.40267115940301584, 57.75," 49.75
"
1651092666.772604,643,0.3983347007632911, 58.00," 49.75
"
1651092666.7833788,646,0.4001931830374588, 57.75," 49.75
"
1651092666.794483,646,0.4001931830374588, 57.75," 49.75
"
1651092666.8044019,648,0.40143217122023733, 57.75," 49.75
"
1651092666.8166678,647,0.4008126771288481, 57.75," 49.75
"
1651092666.8276532,647,0.4008126771288481, 57.75," 49.75
"
1651092666.838229,649,0.4020516653116266, 57.75," 49.75
"
1651092666.849223,648,0.40143217122023733, 57.75," 49.75
"
1651092666.862068,647,0.4008126771288481, 57.75," 49.75
"
1651092666.8745952,646,0.4001931830374588, 57.75," 49.75
"
1651092666.885282,647,0.4008126771288481, 57.75," 49.75
"
1651092666.897681,646,0.4001931830374588, 57.75," 49.75
"
1651092666.910023,648,0.40143217122023733, 57.75," 49.75
"
1651092666.922987,646,0.4001931830374588, 57.75," 49.75
"
1651092666.935648,645,0.3995736889460696, 58.00," 49.75
"
1651092666.947847,642,0.3977152066719018, 57.75," 50.00
"
1651092666.9592938,640,0.3964762184891233, 57.75," 50.00
"
1651092666.970599,641,0.39709571258051257, 57.75," 49.75
"
1651092666.983118,640,0.3964762184891233, 57.75," 49.75
"
1651092666.9943502,644,0.3989541948546803, 57.75," 49.75
"
1651092667.007766,647,0.4008126771288481, 58.00," 50.00
"
1651092667.0197601,647,0.4008126771288481, 57.75," 50.00
"
1651092667.032193,646,0.4001931830374588, 57.75," 49.75
"
1651092667.043394,644,0.3989541948546803, 57.75," 50.00
"
1651092667.05534,645,0.3995736889460696, 58.00," 50.00
"
1651092667.066953,639,0.39585672439773406, 57.75," 50.00
"
1651092667.07792,640,0.3964762184891233, 57.75," 50.00
"
1651092667.088342,638,0.3952372303063448, 57.75," 50.00
"
1651092667.099301,638,0.3952372303063448, 57.75," 50.00
"
1651092667.111695,640,0.3964762184891233, 58.00," 50.00
"
1651092667.1235158,638,0.3952372303063448, 57.75," 50.00
"
1651092667.135426,639,0.39585672439773406, 57.75," 50.00
"
1651092667.1487832,642,0.3977152066719018, 57.75," 50.00
"
1651092667.161247,641,0.39709571258051257, 57.75," 50.00
"
1651092667.17329,640,0.3964762184891233, 57.75," 50.00
"
1651092667.1834161,641,0.39709571258051257, 57.75," 50.00
"
1651092667.1948721,641,0.39709571258051257, 57.75," 50.00
"
1651092667.207816,640,0.3964762184891233, 57.75," 50.00
"
1651092667.220612,641,0.39709571258051257, 58.00," 50.00
"
1651092667.23272,646,0.4001931830374588, 57.75," 50.00
"
1651092667.244637,645,0.3995736889460696, 57.75," 50.00
"
1651092667.255352,641,0.39709571258051257, 57.75," 50.00
"
1651092667.266505,645,0.3995736889460696, 57.75," 50.00
"
1651092667.279305,645,0.3995736889460696, 57.75," 50.00
"
1651092667.2913961,645,0.3995736889460696, 57.75," 50.00
"
1651092667.30345,645,0.3995736889460696, 57.75," 50.00
"
1651092667.3159611,644,0.3989541948546803, 57.75," 50.00
"
1651092667.328649,647,0.4008126771288481, 57.75," 50.00
"
1651092667.339194,645,0.3995736889460696, 57.75," 50.00
"
1651092667.3521988,645,0.3995736889460696, 57.75," 50.00
"
1651092667.364877,646,0.4001931830374588, 57.75," 50.00
"
1651092667.377488,648,0.40143217122023733, 57.75," 50.00
"
1651092667.389371,644,0.3989541948546803, 57.75," 50.00
"
1651092667.399327,643,0.3983347007632911, 57.75," 50.00
"
1651092667.411907,644,0.3989541948546803, 57.75," 50.00
"
1651092667.424212,648,0.40143217122023733, 58.00," 50.00
"
1651092667.437097,646,0.4001931830374588, 57.75," 50.00
"
1651092667.4493902,643,0.3983347007632911, 57.75," 50.00
"
1651092667.460374,644,0.3989541948546803, 57.75," 50.00
"
1651092667.472372,644,0.3989541948546803, 57.75," 50.00
"
1651092667.4841511,644,0.3989541948546803, 57.75," 50.00
"
1651092667.49648,646,0.4001931830374588, 57.75," 50.00
"
1651092667.5079522,647,0.4008126771288481, 57.75," 50.00
"
1651092667.520504,649,0.4020516653116266, 57.75," 50.00
"
1651092667.532662,650,0.40267115940301584, 58.00," 50.00
"
1651092667.544541,648,0.40143217122023733, 57.75," 50.00
"
1651092667.5561862,651,0.4032906534944051, 57.75," 50.00
"
1651092667.567837,648,0.40143217122023733, 57.75," 50.00
"
1651092667.57944,649,0.4020516653116266, 57.75," 50.00
"
1651092667.590496,649,0.4020516653116266, 58.00," 50.00
"
1651092667.6013691,648,0.40143217122023733, 57.75," 50.00
"
1651092667.612777,650,0.40267115940301584, 58.00," 50.00
"
1651092667.625259,648,0.40143217122023733, 57.75," 50.00
"
1651092667.636155,645,0.3995736889460696, 57.75," 50.00
"
1651092667.6483672,644,0.3989541948546803, 57.75," 50.00
"
1651092667.659308,641,0.39709571258051257, 57.75," 50.00
"
1651092667.670227,649,0.4020516653116266, 57.75," 50.00
"
1651092667.680224,642,0.3977152066719018, 57.75," 50.00
"
1651092667.691777,642,0.3977152066719018, 58.00," 50.00
"
1651092667.7017322,645,0.3995736889460696, 57.75," 50.25
"
1651092667.714079,649,0.4020516653116266, 57.75," 50.00
"
1651092667.726471,647,0.4008126771288481, 57.75," 50.00
"
1651092667.7383502,644,0.3989541948546803, 58.00," 50.00
"
1651092667.749274,644,0.3989541948546803, 57.75," 50.00
"
1651092667.761377,644,0.3989541948546803, 58.00," 50.00
"
1651092667.772516,642,0.3977152066719018, 57.75," 50.00
"
1651092667.783552,644,0.3989541948546803, 57.75," 50.00
"
1651092667.796376,642,0.3977152066719018, 58.00," 50.00
"
1651092667.807572,644,0.3989541948546803, 58.00," 50.00
"
1651092667.819634,640,0.3964762184891233, 58.00," 50.00
"
1651092667.831454,642,0.3977152066719018, 58.00," 50.25
"
1651092667.843372,640,0.3964762184891233, 57.75," 50.25
"
1651092667.854491,644,0.3989541948546803, 57.75," 50.00
"
1651092667.8654459,642,0.3977152066719018, 58.00," 50.25
"
1651092667.8762581,647,0.4008126771288481, 57.75," 50.00
"
1651092667.888331,644,0.3989541948546803, 58.00," 50.25
"
1651092667.900258,644,0.3989541948546803, 58.00," 50.25
"
1651092667.9126909,648,0.40143217122023733, 57.75," 50.00
"
1651092667.925187,648,0.40143217122023733, 58.00," 50.00
"
1651092667.937346,644,0.3989541948546803, 57.75," 50.25
"
1651092667.948274,650,0.40267115940301584, 57.75," 50.25
"
1651092667.961355,647,0.4008126771288481, 58.00," 50.25
"
1651092667.973403,645,0.3995736889460696, 57.75," 50.25
"
1651092667.9854872,647,0.4008126771288481, 57.75," 50.25
"
1651092667.996207,644,0.3989541948546803, 57.75," 50.25
"
1651092668.008694,643,0.3983347007632911, 57.75," 50.25
"
1651092668.02067,642,0.3977152066719018, 58.00," 50.25
"
1651092668.0322402,640,0.3964762184891233, 58.00," 50.25
"
1651092668.044397,644,0.3989541948546803, 58.00," 50.25
"
1651092668.055161,650,0.40267115940301584, 58.00," 50.25
"
1651092668.067308,648,0.40143217122023733, 58.00," 50.25
"
1651092668.07825,651,0.4032906534944051, 57.75," 50.25
"
1651092668.089468,648,0.40143217122023733, 58.00," 50.25
"
1651092668.102078,647,0.4008126771288481, 58.00," 50.25
"
1651092668.114626,646,0.4001931830374588, 58.00," 50.25
"
1651092668.126385,645,0.3995736889460696, 58.00," 50.25
"
1651092668.137152,646,0.4001931830374588, 58.00," 50.25
"
1651092668.148106,645,0.3995736889460696, 58.00," 50.25
"
1651092668.15811,644,0.3989541948546803, 58.00," 50.25
"
1651092668.171396,644,0.3989541948546803, 58.00," 50.25
"
1651092668.183838,646,0.4001931830374588, 58.00," 50.25
"
1651092668.195446,644,0.3989541948546803, 58.00," 50.25
"
1651092668.205618,643,0.3983347007632911, 58.00," 50.25
"
1651092668.218524,645,0.3995736889460696, 58.00," 50.25
"
1651092668.230509,642,0.3977152066719018, 58.00," 50.25
"
1651092668.241212,640,0.3964762184891233, 58.00," 50.25
"
1651092668.253231,642,0.3977152066719018, 58.00," 50.25
"
1651092668.263086,641,0.39709571258051257, 58.00," 50.25
"
1651092668.274221,642,0.3977152066719018, 58.00," 50.25
"
1651092668.2842948,645,0.3995736889460696, 58.00," 50.25
"
1651092668.295182,645,0.3995736889460696, 58.00," 50.25
"
1651092668.306889,649,0.4020516653116266, 58.00," 50.25
"
1651092668.3189702,647,0.4008126771288481, 58.00," 50.50
"
1651092668.32931,647,0.4008126771288481, 58.00," 50.50
"
1651092668.340575,648,0.40143217122023733, 58.00," 50.25
"
1651092668.352395,647,0.4008126771288481, 58.00," 50.25
"
1651092668.362239,650,0.40267115940301584, 58.00," 50.25
"
1651092668.374321,647,0.4008126771288481, 58.00," 50.25
"
1651092668.38784,648,0.40143217122023733, 58.00," 50.25
"
1651092668.4019022,644,0.3989541948546803, 58.00," 50.50
"
1651092668.414933,642,0.3977152066719018, 58.00," 50.50
"
1651092668.427658,644,0.3989541948546803, 58.00," 50.50
"
1651092668.440647,644,0.3989541948546803, 58.00," 50.25
"
1651092668.452194,641,0.39709571258051257, 58.00," 50.50
"
1651092668.464374,640,0.3964762184891233, 58.00," 50.50
"
1651092668.476598,642,0.3977152066719018, 58.00," 50.50
"
1651092668.489204,648,0.40143217122023733, 58.00," 50.50
"
1651092668.500467,647,0.4008126771288481, 58.00," 50.25
"
1651092668.512295,647,0.4008126771288481, 58.00," 50.25
"
1651092668.523881,641,0.39709571258051257, 58.00," 50.50
"
1651092668.535871,641,0.39709571258051257, 58.00," 50.50
"
1651092668.548578,641,0.39709571258051257, 58.00," 50.50
"
1651092668.559419,647,0.4008126771288481, 58.00," 50.50
"
1651092668.574325,646,0.4001931830374588, 58.00," 50.50
"
1651092668.589746,644,0.3989541948546803, 58.00," 50.50
"
1651092668.606397,642,0.3977152066719018, 58.00," 50.50
"
1651092668.6196558,645,0.3995736889460696, 58.00," 50.50
"
1651092668.632225,644,0.3989541948546803, 58.00," 50.50
"
1651092668.64298,644,0.3989541948546803, 58.00," 50.50
"
1651092668.655662,652,0.40391014758579435, 58.00," 50.50
"
1651092668.6672032,642,0.3977152066719018, 58.00," 50.50
"
1651092668.679112,648,0.40143217122023733, 58.00," 50.50
"
1651092668.6911669,648,0.40143217122023733, 58.00," 50.50
"
1651092668.703983,648,0.40143217122023733, 58.00," 50.50
"
1651092668.7159119,650,0.40267115940301584, 58.00," 50.25
"
1651092668.727581,651,0.4032906534944051, 58.00," 50.50
"
1651092668.738305,649,0.4020516653116266, 58.00," 50.50
"
1651092668.748336,649,0.4020516653116266, 58.00," 50.50
"
1651092668.759159,648,0.40143217122023733, 58.00," 50.50
"
1651092668.771405,650,0.40267115940301584, 58.00," 50.50
"
1651092668.785698,652,0.40391014758579435, 58.00," 50.50
"
1651092668.798435,652,0.40391014758579435, 58.00," 50.50
"
1651092668.811405,649,0.4020516653116266, 58.00," 50.50
"
1651092668.824676,648,0.40143217122023733, 58.00," 50.50
"
1651092668.837526,646,0.4001931830374588, 58.00," 50.50
"
1651092668.849612,649,0.4020516653116266, 58.00," 50.50
"
1651092668.861953,649,0.4020516653116266, 58.00," 50.50
"
1651092668.874399,645,0.3995736889460696, 58.00," 50.50
"
1651092668.8853602,648,0.40143217122023733, 58.00," 50.50
"
1651092668.897265,646,0.4001931830374588, 58.00," 50.50
"
1651092668.909289,647,0.4008126771288481, 58.00," 50.50
"
1651092668.921418,646,0.4001931830374588, 58.00," 50.50
"
1651092668.9326239,644,0.3989541948546803, 58.00," 50.50
"
1651092668.943489,644,0.3989541948546803, 58.00," 50.50
"
1651092668.955313,646,0.4001931830374588, 58.00," 50.50
"
1651092668.967583,644,0.3989541948546803, 58.00," 50.50
"
